{"edRS39eH/j0LXeXFTqhD1g==":"shopping-3216064_960-720-948x720.jpg","ZYsIFOUjEV2Qv5rGKlBEWw==":"shopping-3216064_960-720-600x455.jpg","zdhe9dpFlckf3UKRIqwzFg==":"shopping-3216064_960-721-948x720.jpg","7Rc46M+hdhYdSXZoLz8y4w==":"visa-3082813-1920-1920x1349.jpg","LRsElYwdGKSe0ybIduD0Mg==":"mbr-1620x1080.jpg","bOfwWiPPzXyA0XiQMs9axA==":"mbr-600x450.jpg","PDu4GnjH94BY7keBe0ifbQ==":"brenton-90x160.jpg","RJ97zcI9p5IroCToAYC7Sw==":"cut%20profile-160x156.png","mny+EoDS2wiYirHJ9qX8Wg==":"cut%20profile-160x156.png","2O4INEbMl1I8vRXSYeWxPg==":"cut%20profile-160x156.png","IMxKbO95t/YkcLTKn7Yirg==":"cut%20profile-160x156.png","+2KDwKAwSAFR7qAQufNdlQ==":"cut%20profile-160x156.png","oagfITp5jwmudKeU/bedaw==":"cut%20profile-160x156.png","o+YU2ZdSEZuK+AcxrCtKdw==":"logomakr_1lnorx-204x128.png","ph8bNGDo8FWpFaN7jkQxsQ==":"media-774068.svg","nHT3JXyRqkN8FdllSY7Pwg==":"telephone-586266-1920-600x400.jpg","C0aXV4uPir8V74YdSSy7LQ==":"media-774068-1280-600x563.png","8oWARYbfihVc/uZFtqZSMA==":"steps-311599.svg","J1w3U8c7FOzw/NzJnUpR5w==":"smartphone-3360938.svg","AIwUgyoxhFgTYwRSNAtUCg==":"smartphone-3360939.svg","vmMJVP1iULr53+uQhmjqeg==":"smartphone-3360938-640-600x413.png","gbRFwp8Zh6pm9KTAJNXGCA==":"steps-311600.svg","SLh5AyQBKWT91tq2v6OBeg==":"mbr-600x400.jpg","8cJrUdL3HTTEPtiCzAHvhg==":"mbr-600x409.jpg","i0zngE1C5E2jFt7HHTpZBQ==":"gardner%20vision%20care-1400x655.png","u+v0KAfcLUhvUp+SdZA4Yg==":"gardner%20vision%20care-1400x655.png","xevSHh2KloTS7oUndmr70w==":"mbr-864x1080.jpg","kZm6A74CP87SJBsGEvMQ4A==":"mbr-720x1080.jpg","IYT51e+xZhg73W0zolQGpw==":"mbr-1711x1080.jpg","oYSpqCQ0McHU9RrKqtMFAw==":"gardner%20vision%20care-1400x655.png","vJqAzlepwo57ktHLqS7oOA==":"gardner%20vision%20care-600x281.png","UtIJ/RpISuDluz6uUBCluw==":"gardner%20vision%20care-600x281.png","ZBTzUSlEGQdaAgsEVDJVxg==":"oddly%20symmetric-600x280.png","6Xg3sAvqQmHuBgHxefQn1A==":"pro%20container%20service-600x280.png"}